date_collected,link,num,type,lean
11/18/19,https://www.nowtheendbegins.com/kanye-west-sunday-service-jesus-is-king-lakewood-church-all-seeing-eye-horus-illuminati/,11,H,U
11/18/19,https://bipartisanreport.com/2019/11/18/doctor-tells-cnn-trumps-walter-reed-medical-visit-was-fishy/,12,PE,L
11/18/19,https://themindunleashed.com/2019/11/family-facing-jail-living-rv-their-own-property-repair-home-after-fire.html,13,H,C
11/18/19,https://www.cnbc.com/2019/08/05/hyundai-launches-car-with-a-roof-based-solar-charging-system.html?__source=facebook%7Cmain&fbclid=IwAR1HXryUvlbaPDWs-J39LnS2iksoD4qAO0mdai64d3znOCymsklN45IeUuY&fbclid=IwAR3qBgscvE4tvqjZrDAW_WdK-JWuBGDrjATWQgFYSQhepxMIp1x8PQK6p_c&fbclid=IwAR3Y3pIr8xjE7Ig7Wpz56Is_c4Td538NWF80KyZlchePTjKOAn9m6T6qZ6I,14,S,N
11/18/19,https://www.nbcnews.com/news/crime-courts/nine-shot-multiple-killed-family-gathering-fresno-california-n1084706?cid=sm_npd_nn_fb_ma,15,H,N
11/19/19,https://clashdaily.com/2019/11/schiff-named-in-wh-officials-defamation-lawsuit-leaked-lies-to-politico-to-push-impeachment/,16,PE,C
11/19/19,https://www.palmerreport.com/analysis/annoymous-rudy-giuliani-berserk/23040/,17,PE,L
11/19/19,https://tribunist.com/news/active-shooter-commits-suicide-after-being-confronted-by-armed-citizen-at-ok-walmart/,18,H,N
11/19/19,https://www.newsmax.com/politics/pelosi-trump-whistleblower-nixon/2019/11/17/id/942035/,19,PE,N
11/19/19,https://www.cbsnews.com/news/kanye-west-joel-osteen-lakewood-church-kim-kardashian-church-service-nebuchadnezzar/?ftag=CNM-00-10aab6a&linkId=77264473,20,H,N
11/20/19,https://dcdirtylaundry.com/no-shots-fired-citizen-with-a-gun-ends-gunmans-attack-at-oklahoma-walmart/,21,PE,C
11/20/19,https://crooksandliars.com/2019/11/lt-col-vindman-americaright-matters,22,PE,L
11/20/19,https://www.naturalnews.com/2019-11-19-pounds-lost-doesnt-mean-fat-lost.html,23,S,N
11/20/19,https://www.washingtontimes.com/news/2019/nov/19/key-impeachment-witness-dodges-gop-questions-prote/,24,PE,N
11/20/19,https://www.huffingtonpost.com.au/entry/woman-saves-scorched-koala-with-shirt_au_5dd474aae4b0fc53f20a6a44?ncid=fcbklnkushpmg00000063&utm_campaign=hp_fb_pages&utm_medium=facebook&utm_source=main_fb,25,S,N
11/21/19,https://www.teaparty.org/indictment-against-head-of-burisma-reveals-hunter-biden-was-receiving-payments-from-money-raised-through-criminal-means-siphoned-laundered-from-ukraine-417981/,26,PE,C
11/21/19,https://occupydemocrats.com/2019/11/20/sondlands-testimony-directly-implicates-trump-pence-and-pompeo-in-ukraine-quid-pro-quo-plot/,27,PE,L
11/21/19,https://www.zerohedge.com/geopolitical/ukrainian-indictment-reveals-hunter-biden-group-made-165-million-mp,28,PE,C
11/21/19,https://ijr.com/smollet-distress-malicious-prosecution-lawsuit-chicago/?utm_campaign=IJR%20-%20Facebook%20Content&utm_content=106041134&utm_medium=social&utm_source=facebook&hss_channel=fbp-189885532970,29,H,N
11/21/19,https://www.nytimes.com/2019/11/20/world/africa/almaas-elman-somalia.html?smtyp=cur&smid=fb-nytimes,30,PE,N
12/2/19,https://dailycaller.com/2019/12/02/steve-bullock-drops-out-presidential-race/,31,PE,N
12/2/19,https://bipartisanreport.com/2019/12/01/senator-announces-impeach-vote-hint-that-has-trump-fuming/,32,PE,L
12/2/19,https://www.collective-evolution.com/2019/11/29/bestselling-novelist-who-wrote-about-vaccine-industry-deception-found-dead/,33,H,U
12/2/19,https://nypost.com/2019/11/29/f-k-white-people-graffiti-found-outside-queens-home/?sr_share=facebook&utm_medium=SocialFlow&utm_source=NYPFacebook&utm_campaign=SocialFlow,34,H,N
12/2/19,https://www.nbcnews.com/politics/trump-impeachment-inquiry/white-house-will-not-participate-wednesday-s-impeachment-hearing-n1093821?cid=sm_npd_nn_fb_ma,35,PE,N
12/3/19,https://www.express.co.uk/news/uk/1212362/Donald-Trump-News-Jeremy-Corbyn-General-Election-Boris-Johnson-NHS,36,PE,N
12/3/19,https://www.palmerreport.com/analysis/the-sealed-indictment-a-that-donald-trump-needs-to-worry-about-more-than-ever/23359/,37,PE,L
12/3/19,https://tribunist.com/news/americans-bought-enough-guns-on-black-friday-to-arm-the-marine-corps-yet-again/,38,PE,U
12/3/19,https://www.foxnews.com/media/former-nfl-player-marine-jeremy-staat-kaepernick-disgrace,39,PE,C
12/3/19,https://www.yahoo.com/news/duncan-hunter-guilty-plea-190447228.html?ncid=facebook_yahoonewsf_akfmevaatca,40,PE,N
12/4/19,https://www.dcclothesline.com/2019/12/04/in-2018-86-of-those-arrested-for-violent-crime-in-los-angeles-were-non-white-5-were-white-the-city-is-28-white/,41,PE,C
12/4/19,https://crooksandliars.com/2019/12/devin-nunes-shamelessly-lies-when-hannity,42,PE,L
12/4/19,https://friendsforsyria.com/2019/12/04/ukrainian-neo-nazis-help-out-at-hong-kong-riots-pan-democrats-defend-them/,43,PE,U
12/4/19,https://www.washingtontimes.com/news/2019/dec/3/devin-nunes-slaps-cnn-435-million-defamation-lawsu/,44,PE,N
12/4/19,https://www.huffpost.com/entry/kamala-harris-dropping-out_n_5de6a263e4b0913e6f8684bd?ncid=fcbklnkushpmg00000063&utm_source=main_fb&utm_medium=facebook&utm_campaign=hp_fb_pages,45,PE,N
12/5/19,https://barenakedislam.com/2019/12/05/ding-ding-ding-first-muslim-woman-elected-to-pennsylvania-house-of-representatives-has-been-arrested-for-stealing-500000-from-a-charity/,46,PE,C
12/5/19,https://occupydemocrats.com/2019/12/04/trump-caught-by-reporters-patting-himself-on-back-for-insulting-justin-trudeau/,47,PE,L
12/5/19,https://www.zerohedge.com/markets/china-says-us-must-reduce-tariffs-phase-one-trade-deal-amid-stalled-talks,48,PE,N
12/5/19,https://www.newsmax.com/us/melaniatrump-barron-ukraine-impeachment/2019/12/04/id/944519/,49,PE,C
12/5/19,https://www.nytimes.com/2019/12/04/world/asia/afghanistan-tetsu-nakamura-dead.html?smid=fb-nytimes&smtyp=cur&fbclid=IwAR3fKvdPsRQ4wUNylstquIFOOj7zC64WmA4eXrrNp6XnSUJIk79oQ_uSKqA&fbclid=IwAR1iI65LDkftMGynOURUC_ope2fTdXEAfdsRWnufyMmVSs7JN6Hcy6u86t8&fbclid=IwAR2oZkicTvpbHfqtaDjl9QdZ-PQpy4FqZUwYpiky-5t26i21Kk7i7O6McUw,50,H,N
12/9/19,https://www.infowars.com/never-trumper-rick-wilson-suggests-putting-anti-vaxxers-in-re-education-camps/,51,PE,C
12/9/19,https://bipartisanreport.com/2019/12/07/ex-intel-slam-trump-for-sucking-up-to-saudis-after-navy-shooting/,52,PE,L
12/9/19,https://ijr.com/biden-denies-wrongdoing-in-ukraine-during-testy-interview/,53,PE,C
12/9/19,https://nypost.com/2019/12/08/walmart-apologizes-for-sweater-featuring-santa-with-cocaine/?utm_medium=SocialFlow&sr_share=facebook&utm_source=NYPFacebook&utm_campaign=SocialFlow,54,H,N
12/9/19,https://www.nbcnews.com/pop-culture/pop-culture-news/caroll-spinney-legendary-sesame-street-puppeteer-big-bird-dies-85-n1097806?cid=sm_npd_nn_fb_ma,55,H,N
12/10/19,https://www.teaparty.org/breaking-ukrainian-official-reveals-six-criminal-cases-opened-in-ukraine-involving-the-bidens-420208/,56,PE,C
12/10/19,https://www.palmerreport.com/analysis/nancy-pelosi-knows-something-we-dont/23491/,57,PE,N
12/10/19,https://stillnessinthestorm.com/2019/12/stressed-to-the-max-deep-sleep-can-rewire-the-anxious-brain/,58,S,N
12/10/19,https://townhall.com/tipsheet/juliorosas/2019/12/09/joe-biden-claims-no-one-told-him-about-potential-conflict-of-interest-with-hunters-job-at-burisma-n2557688/?utm_content=buffer644e4&utm_medium=social&utm_source=facebook.com&utm_campaign=buffer,59,PE,C
12/10/19,https://www.washingtonpost.com/sports/2019/12/09/megan-rapinoe-is-sports-illustrateds-sportsperson-year-only-fourth-woman-chosen-alone/?tid=sm_fb,60,H,N
12/11/19,https://clashdaily.com/2019/12/ukraine-advisor-disputes-key-point-in-impeachment-testimony-is-this-bad-news-for-democrats/,61,PE,C
12/11/19,https://crooksandliars.com/2019/12/tucker-carlsons-white-power-hour-guest,62,PE,L
12/11/19,https://themindunleashed.com/2019/12/since-feeding-the-homeless-is-illegal-activists-carry-ar-15s-to-give-out-food-supplies.html,63,PE,C
12/11/19,https://www.cnbc.com/2019/12/10/house-democrats-announce-articles-of-impeachment-against-trump.html?__source=facebook%7Cmain,64,PE,N
12/11/19,https://www.huffpost.com/entry/art-acevedo-ted-cruz-mitch-mcconnell-nra-gun-victims_n_5def2944e4b05d1e8a56fa2f?section=politics&utm_campaign=hp_fb_pages&utm_source=main_fb&utm_medium=facebook&ncid=fcbklnkushpmg00000063,65,PE,N
12/12/19,https://iotwreport.com/nycs-de-blasio-deports-thousands-of-homeless-families-across-america/,66,PE,C
12/12/19,https://occupydemocrats.com/2019/12/10/bushs-ethics-chief-trumps-are-an-organized-crime-family-we-need-to-go-after-all-of-them/,67,PE,L
12/12/19,https://www.zerohedge.com/geopolitical/russias-only-aircraft-carrier-admiral-kuznetsov-has-erupted-flames,68,PE,N
12/12/19,https://www.foxnews.com/politics/pastors-worship-leaders-pray-for-trump-in-oval-office-amid-impeachment-fight,69,PE,C
12/12/19,https://www.theguardian.com/us-news/2019/dec/11/donald-trump-jr-mongolia-rare-endangered-sheep-permit?CMP=fb_gu&utm_medium=Social&utm_source=Facebook#Echobox=1576106294,70,O,L
12/16/19,https://www.thegatewaypundit.com/2019/12/trans-activists-target-olympic-cyclist-inga-thompson-for-saying-women-shouldnt-have-to-compete-with-biological-men/,71,H,C
12/16/19,https://bipartisanreport.com/2019/12/14/trump-attacks-congresswoman-for-not-having-his-back/,72,PE,L
12/16/19,https://ijr.com/trump-poised-week-become-third-president-impeached/,73,PE,N
12/16/19,https://www.washingtontimes.com/news/2019/dec/15/james-comey-fox-news-sunday-admits-real-sloppiness/,74,PE,U
12/16/19,https://www.nytimes.com/2019/12/15/style/black-women-win-beauty-pageants.html?smid=fb-nytimes&smtyp=cur,75,H,N
12/17/19,https://www.teaparty.org/back-home-in-pelosis-san-francisco-homeless-drug-addicts-are-now-taking-dumps-in-the-supermarket-aisles-421170/,76,PE,C
12/17/19,https://www.palmerreport.com/analysis/retweeting-bizarre-fake-account/23745/,77,PE,L
12/17/19,http://www.trueactivist.com/kansas-city-makes-public-transportation-free-become-the-first-major-city-in-the-u-s-to-make-this-progressive-change-t1/,78,PE,L
12/17/19,https://ijr.com/schiff-vote-impeach-obama-engaged-similar-conduct/,79,PE,N
12/17/19,https://www.yahoo.com/news/barack-obama-women-singapore-115412140.html?ncid=facebook_yahoonewsf_akfmevaatca,80,PE,N
12/18/19,https://conservativefiringline.com/video-of-the-day-dem-rep-raskin-thanks-congressman-helping-form-rules-for-sham-impeachment-of-trump-who-was-impeached-for-bribery/,81,PE,C
12/18/19,https://crooksandliars.com/2019/12/no-punches-pulled-climate-themed-campaign,82,PE,L
12/18/19,https://worldtruth.tv/wall-street-journal-investigation-finds-amazon-com-selling-dumpster-trash-food-supplements-as-new/,83,S,N
12/18/19,https://nypost.com/2019/12/17/karol-sanchez-staged-her-own-kidnapping-police-sources/?utm_source=NYPFacebook&sr_share=facebook&utm_campaign=SocialFlow&utm_medium=SocialFlow,84,H,N
12/18/19,https://www.nbcnews.com/news/us-news/video-shows-girl-16-apparently-kidnapped-nyc-street-front-mom-n1103176?cid=sm_npd_nn_fb_ma,85,H,N
12/19/19,https://conservativepost.com/these-democrats-voted-against-impeaching-trump/,86,PE,C
12/19/19,https://occupydemocrats.com/2019/12/18/shaken-trump-vows-democrats-will-see-backlash-at-the-box-office-after-impeachment-verdict/,87,PE,L
12/19/19,https://themindunleashed.com/2019/12/un-peacekeepers-fathered-hundreds-babies-girls-haiti.html,88,PE,C
12/19/19,https://www.cnbc.com/2019/12/18/trump-impeached-by-house-for-high-crimes-and-misdemeanors.html?__source=facebook%7Cmain,89,PE,N
12/19/19,https://www.cbsnews.com/live-updates/trump-impeachment-vote-live-stream-today-house-of-representatives-articles-of-impeachment-2019-12-18/,90,PE,N
1/6/20,https://www.infowars.com/nearly-200-people-arrested-across-australia-for-deliberately-starting-bushfires/,91,S,C
1/6/20,https://bipartisanreport.com/2020/01/06/schiff-hammers-president-gop-over-impeachment-trial-obstruction/,92,PE,L
1/6/20,https://ijr.com/graham-eyes-rule-change-kick-start-trump-trial/,93,PE,N
1/6/20,https://www.washingtontimes.com/news/2020/jan/5/ricky-gervais-golden-globes-hollywood-unprincipled/,94,H,N
1/6/20,https://www.huffpost.com/entry/mike-pence-soleimani-911-false_n_5e1113fbe4b0843d36133ab0?utm_medium=facebook&ncid=fcbklnkushpmg00000063&utm_campaign=hp_fb_pages&utm_source=main_fb,95,PE,L
1/7/20,https://www.express.co.uk/news/world/1224973/iran-stampede-funeral-Qassem-Soleimani-pictures-latest-world-war-3,96,PE,N
1/7/20,https://www.palmerreport.com/analysis/everything-is-falling-apart-for-donald-trump-in-real-time/24192/,97,PE,L
1/7/20,https://www.zerohedge.com/geopolitical/iran-evaluating-13-retaliation-scenarios-inflict-historic-nightmare-us,98,PE,C
1/7/20,https://ijr.com/pelosi-house-will-vote-resolution-limit-trumps-military-actions-iran/,99,PE,N
1/7/20,https://www.nytimes.com/2020/01/06/us/politics/trump-esper-iran-cultural-sites.html?smid=fb-nytimes&smtyp=cur,100,PE,L
1/8/20,https://www.teaparty.org/muslim-teen-accused-of-starting-aussie-grass-fire-laughs-as-he-leaves-court-on-tuesday-423811/,101,S,C
1/8/20,https://occupydemocrats.com/2020/01/07/trump-bewilders-nation-by-tweeting-all-is-well-and-so-far-so-good-after-irans-missile-strike/,102,PE,L
1/8/20,https://stillnessinthestorm.com/2020/01/key-brain-region-smaller-in-birth-control-pill-users/,103,S,N
1/8/20,https://townhall.com/tipsheet/leahbarkoukis/2020/01/07/climate-change-turns-out-two-dozen-arrested-for-setting-australias-massive-fire-n2559064?utm_content=buffer1d19c&utm_medium=social&utm_source=facebook.com&utm_campaign=buffer,104,S,C
1/8/20,https://www.nbcnews.com/news/us-news/trump-tweets-all-well-after-iranian-missile-attack-targeting-u-n1112211?cid=sm_npd_nn_fb_ma&fbclid=IwAR1PQV1l4jbUJUHS91zCB228EH97Bn9_TSqMIQ9mRbFhvOVNNbL7WcYWsHg&fbclid=IwAR2n15afcp34Lqppj6ssx7ysDyUhqDkjygYxOmNPH4b4oZ9RlWYGkPmSVqM&fbclid=IwAR1PQV1l4jbUJUHS91zCB228EH97Bn9_TSqMIQ9mRbFhvOVNNbL7WcYWsHg,105,PE,N
1/9/20,https://www.freerepublic.com/focus/f-news/3806751/posts,106,PE,C
1/9/20,https://crooksandliars.com/2020/01/john-bolton-will-testify-if-subpoenaed-so,107,PE,L
1/9/20,https://www.collective-evolution.com/2020/01/09/the-us-military-pollutes-more-140-countries-combined/,108,S,L
1/9/20,https://www.foxnews.com/entertainment/cardi-b-trump-nigerian-citizenship,109,PE,N
1/9/20,https://www.politico.com/news/2020/01/08/ruth-bader-ginsburg-health-096302,110,PE,N
1/13/20,http://endoftheamericandream.com/archives/why-are-volcanoes-all-over-the-globe-suddenly-shooting-giant-clouds-of-ash-miles-into-the-air,111,S,N
1/13/20,https://bipartisanreport.com/2020/01/12/new-trump-approval-poll-released-confirms-massive-2020-blue-wave/,112,PE,L
1/13/20,https://www.daily-sun.com/post/453807/Alaska-man-survives-three-weeks-with-little-food-and-shelter,113,H,N
1/13/20,https://www.cnbc.com/2020/01/03/bill-gates-americas-tax-system-is-not-fair.html?__source=facebook%7Cmain,114,PE,N
1/13/20,https://www.cbsnews.com/news/serena-williams-tennis-wins-first-title-in-3-years-donates-prize-money-australia-wildfire-relief-2020-01-12/?ftag=CNM-00-10aab6a&linkId=80518649,115,H,N
1/14/20,https://www.dcclothesline.com/2020/01/14/wisconsin-judge-orders-up-to-209000-listings-purged-from-voter-rolls-finds-3-in-contempt-orders-fines-for-delay/,116,PE,C
1/14/20,https://www.palmerreport.com/news/no-win-cornr-gop-senators-donald-trump/24395/,117,PE,L
1/14/20,https://www.zerohedge.com/markets/boeing-refused-request-more-737-max-pilot-training-deadly-crash,118,H,U
1/14/20,https://www.washingtontimes.com/news/2020/jan/13/donald-trump-melania-trump-cheered-national-champi/,119,PE,N
1/14/20,https://www.yahoo.com/news/first-obama-backed-documentary-receives-oscar-nomination-155227895.html?ncid=facebook_yahoonewsf_akfmevaatca,120,H,N
1/15/20,https://www.teaparty.org/bloomberg-draws-paltry-crowd-of-45-at-heavily-advertised-rally-424734/,121,PE,C
1/15/20,https://occupydemocrats.com/2020/01/14/newly-released-texts-from-giuliani-crony-parnas-appear-to-show-them-spying-on-amb-yovanovich-4/,122,PE,L
1/15/20,https://themindunleashed.com/2020/01/300-vultures-occupy-border-patrol-tower-covering-it-with-corrosive-feces-vomit.html,123,H,N
1/15/20,https://townhall.com/tipsheet/juliorosas/2020/01/14/president-trump-gets-thunderous-applause-at-clemson-and-lsu-playoff-game-n2559475?utm_content=bufferfe3f8&utm_medium=social&utm_source=facebook.com&utm_campaign=buffer,124,PE,C
1/15/20,https://www.nbcnews.com/news/us-news/17-kids-injured-after-delta-jet-dumps-fuel-l-playground-n1115586?cid=sm_npd_nn_fb_ma,125,H,N
1/21/20,https://fellowshipoftheminds.com/pentagon-bans-bible-verses-on-dog-tags-while-pres-trump-upholds-right-to-pray-in-public-schools,126,PE,C
1/21/20,https://crooksandliars.com/2020/01/even-c-span-ticked-over-impeachment,127,PE,L
1/21/20,https://www.naturalnews.com/2020-01-20-san-fran-democrat-tyrants-taxing-landlords-leaving-stores-vacant.html,128,PE,C
1/21/20,https://www.foxnews.com/us/virginia-capitol-gun-rights-rally,129,PE,C
1/21/20,https://www.huffpost.com/entry/katie-sowers-first-female-gay-coach-super-bowl_n_5e25ebf5c5b632117617c0d1?utm_campaign=hp_fb_pages&utm_source=main_fb&ncid=fcbklnkushpmg00000063&utm_medium=facebook&ir=Entertainment&guccounter=1&guce_referrer=aHR0cHM6Ly9hcHBzLmNyb3dkdGFuZ2xlLmNvbS9zbWFwcG55dS9saXN0cy8xMzAyMjc1&guce_referrer_sig=AQAAAHlDY7JuKLcaFb1J7U2k6To8Eb6WqEIcvF2UYk7n18QxQFLNlTsBlrwmkEulOWENXn6vFnEofr4KTyVO6oYXDsf8HM0X8CRIkIh35zaSFPCtWQVO8rJc7tfSAzPvT0Q0XAJ6HewH8l7avdgCZRa1IAw_caZeJuKPdZ0Ct-kgKpTd,130,H,N
1/22/20,https://www.infowars.com/leaked-french-internal-intelligence-report-claims-150-neighborhoods-held-by-radical-islamists/,131,PE,C
1/22/20,https://bipartisanreport.com/2020/01/21/schiff-opening-impeachment-trial-statement-to-go-down-in-history/,132,PE,L
1/22/20,https://www.collective-evolution.com/2020/01/22/another-supposedly-authentic-photo-of-a-ufo-the-story-behind-it/,133,H,N
1/22/20,https://www.cnbc.com/2020/01/21/cdc-to-announce-first-us-case-of-china-coronavirus-that-has-killed-6-cnn-reports.html?__source=facebook%7Cmain&fbclid=IwAR1cKn8eEKKfKLqSqfYE2nK-5kZyDLGKSSWOhUndr99vl1-L2ecI7xHv3Dg&fbclid=IwAR21zcbYAnqDt3nFWpYbZ1CZuUoq4-NxghFC_9tlgmoPUYvjnK8sEorpKNQ,134,S,N
1/22/20,https://www.cbsnews.com/news/iguana-florida-falling-weather-service-issues-alert-as-temperatures-drop-2020-01-21/,135,S,N
1/23/20,https://www.express.co.uk/news/world/1232244/coronavirus-outbreak-china-Huanggang-Wuhan-coronavirus-spread-latest,136,S,N
1/23/20,https://www.palmerreport.com/analysis/gaping-hole-donald-trump-own-impeachment-trial-strategy/24615/,137,PE,L
1/23/20,https://www.zerohedge.com/geopolitical/china-quarantines-second-city-experts-warn-its-already-too-late-stop-virus,138,S,N
1/23/20,https://nypost.com/2020/01/23/three-us-firefighters-killed-in-australia-plane-crash-while-battling-wildfires/?utm_source=NYPFacebook&sr_share=facebook&utm_medium=SocialFlow&utm_campaign=SocialFlow,139,S,N
1/23/20,https://www.theguardian.com/world/2020/jan/22/holocaust-survey-americans-pew-research-center?CMP=fb_gu&utm_medium=Social&utm_source=Facebook#Echobox=1579708533,140,PE,N
1/27/20,https://www.dcclothesline.com/2020/01/27/lawmakers-pushing-to-make-michigan-a-2nd-amendment-sanctuary-state/,141,PE,C
1/27/20,https://occupydemocrats.com/2020/01/26/damning-potential-john-bolton-ukraine-impeachment-testimony-revealed-in-early-leak-of-book-draft/,142,PE,L
1/27/20,https://worldtruth.tv/nature-science-journal-warned-about-pathogens-escaping-wuhan-level-4-biosafety-lab-bsl-4-before-coronavirus-outbreak/,143,S,U
1/27/20,https://www.washingtontimes.com/news/2020/jan/26/coronavirus-link-china-biowarfare-program-possible/,144,S,N
1/27/20,https://www.yahoo.com/news/kobe-bryants-daughter-gianna-13-205036060.html,145,H,N
1/28/20,https://www.teaparty.org/holy-moses-more-than-175000-tickets-requested-to-see-president-trump-in-new-jersey-supporters-line-up-48-hours-426092/,146,PE,C
1/28/20,https://crooksandliars.com/2020/01/joni-ernst-gives-away-ballgame-joe-biden,147,PE,L
1/28/20,https://themindunleashed.com/2020/01/death-tolls-rises-106-americans-evacuate-wuhan.html,148,S,N
1/28/20,https://www.foxnews.com/politics/trump-impeachment-defense-hunter-biden-john-bolton-senate,149,PE,C
1/28/20,https://www.nbcnews.com/news/us-news/husband-woman-who-died-crash-killed-kobe-bryant-speaks-out-n1123706?cid=sm_npd_nn_fb_ma,150,H,N
2/4/20,https://joeforamerica.com/ilhan-omars-dirty-money-hustle-blows-wide-open-reports-say-she-gave-40-of-her-campaign-spending-went-to-loverboys-firm/,151,PE,C
2/4/20,https://www.palmerreport.com/analysis/trumps-sham-acquittal-is-already-blowing-up-in-senate-republicans-faces/24893/,152,PE,L
2/4/20,https://worldtruth.tv/the-coronavirus-was-engineered-by-scientists-in-a-lab-using-well-documented-genetic-engineering-vectors-that-leave-behind-a-fingerprint/,153,S,U
2/4/20,https://ijr.com/democratic-white-house-race-messy-start-iowa/?utm_campaign=IJR%20-%20Facebook%20Content&utm_content=115077734&utm_medium=social&utm_source=facebook&hss_channel=fbp-189885532970,154,PE,N
2/4/20,https://www.cbsnews.com/live-updates/state-of-the-union-2020-president-donald-trump-tonight-2020-02-04-live-streaming/?ftag=CNM-00-10aab6a&linkId=81729456,155,PE,N
2/5/20,https://www.infowars.com/dems-release-only-62-of-iowa-caucus-results-just-enough-to-have-mayor-cheat-in-the-lead/,156,PE,C
2/5/20,https://crooksandliars.com/2020/02/susan-collins-betrays-country-vote-acquit,157,PE,L
2/5/20,https://themindunleashed.com/2020/02/earth-is-about-to-enter-a-30-year-mini-ice-age-as-the-sun-hibernates-scientist-warns.html,158,S,U
2/5/20,https://www.cnbc.com/2020/02/04/macys-to-close-125-stores-sees-480-million-in-restructuring-costs-to-2000-corporate-jobs.html?__source=newsletter|breakingnews,159,PE,N
2/5/20,https://abcnews.go.com/Politics/nancy-pelosi-rips-copy-state-union-speech-trump/story?id=68766230&cid=social_fb_abcn,160,PE,N
2/6/20,https://clashdaily.com/2020/02/john-kerry-says-that-the-entire-obama-admin-was-trying-to-get-rid-of-the-burisma-prosecutor/,161,PE,C
2/6/20,https://crooksandliars.com/2020/02/jennifer-granholm-catches-rick-santorum,162,PE,L
2/6/20,https://www.naturalnews.com/2020-02-05-lies-we-are-being-told-about-coronavirus.html,163,S,C
2/6/20,https://nypost.com/2020/02/05/trump-acquitted-in-senate-impeachment-trial/?utm_source=NYPFacebook&utm_medium=Native&utm_campaign=NYPFacebook,164,PE,N
2/6/20,https://www.theguardian.com/film/2020/feb/06/kirk-douglas-hollywood-legend-and-star-of-spartacus-dies-aged-103?CMP=fb_gu&utm_medium=Social&utm_source=Facebook#Echobox=1580945835,165,H,N
5/27/20,https://www.westernjournal.com/like-soviet-styled-kgb-armed-police-sent-shut-black-baptist-church-pastor-says/,201,PE,C
5/27/20,https://americanindependent.com/states-coronavirus-criteria-reopen-donald-trump-illinois-pandemic-covid-19/,202,S,N
5/27/20,https://www.activistpost.com/2020/05/your-immunity-passport-future-begins-to-materialize-as-airlines-call-for-digital-id-tracking-systems.html,203,S,N
5/27/20,https://www.foxnews.com/politics/house-republicans-plan-to-sue-pelosi-proxy-voting-coronavirus,204,PE,N
5/27/20,https://www.cnn.com/2020/05/27/politics/fauci-coronavirus-wear-masks-cnntv/index.html?utm_term=link&utm_source=fbCNN&utm_content=2020-05-27T14%3A09%3A07&utm_medium=social,205,S,N
6/1/20,https://www.lifezette.com/2020/05/trump-pulls-u-s-out-of-world-health-organization-is-the-u-n-next/,206,PE,C
6/1/20,https://crooksandliars.com/2020/05/republican-voters-dont-expect-trump-mourn,207,PE,L
6/1/20,https://www.zerohedge.com/markets/german-official-leaks-report-denouncing-covid-19-global-false-alarm,208,PE,C
6/1/20,https://www.cnbc.com/2020/05/21/why-partially-reopening-states-does-not-guarantee-economic-recovery.html?__source=facebook%7Cmain,209,PE,N
6/1/20,https://www.theguardian.com/world/2020/may/31/how-a-decade-of-privatisation-and-cuts-exposed-england-to-coronavirus?CMP=fb_gu&utm_medium=Social&utm_source=Facebook#Echobox=1590932943,210,PE,N
6/3/20,https://www.thegatewaypundit.com/2020/06/leftie-governor-cooper-kills-rnc-convention-charlotte-due-covid-19-goes-marches-leftist-mob-street-video/,211,PE,C
6/3/20,https://crooksandliars.com/2020/06/communities-color-have-been-hit-hardest,212,PE,L
6/3/20,https://www.wakingtimes.com/2020/06/02/contact-tracing-in-the-circus-of-robots/,213,O,C
6/3/20,https://townhall.com/tipsheet/guybenson/2020/06/02/good-news-italian-doctors-say-covid19-losing-viral-potency-becoming-less-deadly-n2569818?utm_content=buffer80dc6&utm_medium=social&utm_source=facebook.com&utm_campaign=buffer,214,S,N
6/3/20,https://www.politico.com/news/2020/06/02/north-carolina-governor-rejects-gops-demand-for-full-fledged-convention-296566,215,PE,N
6/8/20,https://www.wnd.com/2020/06/forced-vaccinations-will-control-life-warns-religious-liberty-group/,216,S,N
6/8/20,https://crooksandliars.com/2020/06/cdc-releases-survey-finds-more-americans,217,S,L
6/8/20,https://stillnessinthestorm.com/2020/06/bill-gates-the-cdc-fauci-and-birx-now-totally-silent-about-the-mass-race-riots-across-america-proves-the-covid-19-lockdown-was-a-total-scam/,218,O,C
6/8/20,https://www.cnbc.com/2020/06/03/as-states-reopen-and-protests-rage-the-coronavirus-lays-the-foundation-for-a-nasty-fall.html?__source=facebook%7Cmain&fbclid=IwAR2m7mRjTmoiSSxAWVgU_HhA6G1jrJ2t3TgEsxgcbh-9fZ7JfyiDLhCK3XE,219,S,N
6/8/20,https://edition.cnn.com/travel/article/new-zealand-coronavirus-level-one-intl-hnk/index.html?utm_medium=social&utm_term=link&utm_content=2020-06-08T08%3A36%3A06&utm_source=fbCNN&fbclid=IwAR0aYlVyo_AJ_KP4ZE1cKK40IF7BZ5HJiDseYLLdXedZSPxB4cVeiN1vTAc&fbclid=IwAR0sgAuohh0Ai28a6axj2su-UG5lodLvZg8PAoE6uiXBnV5K1LA5P2TAg1o,220,O,N
6/10/20,https://www.louderwithcrowder.com/task-force-expect-a-spike-in-covid-thanks-to-protesters-and-rioters,221,O,C
6/10/20,https://crooksandliars.com/2020/06/new-zealand-covid-free-prime-minister-did,222,S,N
6/10/20,https://humansarefree.com/2020/06/who-data-suggests-its-very-rare-for-covid-19-to-spread-through-asymptomatic-people.html,223,S,C
6/10/20,https://nypost.com/2020/06/09/texas-sees-record-number-of-hospitalized-coronavirus-patients-after-state-reopened-early/?utm_source=NYPFacebook&sr_share=facebook&utm_medium=SocialFlow&utm_campaign=SocialFlow,224,O,N
6/10/20,https://www.theguardian.com/culture/2020/jun/09/majority-of-uk-theatres-and-music-venues-face-permanent-shutdown?CMP=fb_gu&utm_medium=Social&utm_source=Facebook#Echobox=1591718542,225,O,N
6/15/20,https://www.infowars.com/china-locks-down-ten-more-beijing-neighborhoods-over-new-covid-19-outbreak-at-wholesale-market/,226,O,N
6/15/20,https://crooksandliars.com/2020/06/larry-kudlow-attendees-trumps-tulsa-rally,227,PE,L
6/15/20,https://www.zerohedge.com/geopolitical/chinese-scientist-escorted-out-canadian-biolab-sent-deadlhy-viruses-wuhan,228,S,N
6/15/20,https://www.foxnews.com/health/us-coronavirus-deaths-could-double-hit-200000-by-september-report,229,S,N
6/15/20,https://www.yahoo.com/gma/florida-sees-2-consecutive-days-2-000-plus-184400651--abc-news-topstories.html?ncid=facebook_yahoonewsf_akfmevaatca,230,O,N
6/17/20,https://www.westernjournal.com/thousands-gather-nyc-black-trans-lives-matter-protest-day-cuomo-threatens-businesses/,231,PE,C
6/17/20,https://bipartisanreport.com/2020/06/16/trump-touts-aids-vaccine-that-does-not-exist-during-tuesday-meltdown/,232,PE,L
6/17/20,https://www.healthnutnews.com/fox-cobb-county-man-tests-positive-and-negative-for-covid-19-just-hours-apart/,233,S,N
6/17/20,https://www.cnbc.com/2020/06/16/steroid-dexamethasone-reduces-deaths-from-severe-covid-19-trial.html?__source=Facebook%7Cmain,234,S,N
6/17/20,https://www.huffpost.com/entry/trump-coronavirus-aids-vaccine_n_5ee8fb37c5b6fb0e3d051e7d?utm_campaign=hp_fb_pages&ncid=fcbklnkushpmg00000063&utm_source=main_fb&utm_medium=facebook&fbclid=IwAR2Ct5gDonohq6mWWasJB5Pp1kcKqtWlpV5LMGs9s9XbUH2STpIIKDW_IH8,235,PE,L
6/22/20,https://www.express.co.uk/news/uk/1299198/coronavirus-hand-dryer-spread-Charlotte-fowler-UK-COVID-19,236,S,N
6/22/20,https://crooksandliars.com/2020/06/covid-infection-spike-least-23-states-more,237,O,L
6/22/20,https://healthimpactnews.com/2020/dr-meryl-nass-discovers-hydroxychloroquine-experiments-were-designed-to-kill-covid-patients-how-many-were-murdered/,238,S,U
6/22/20,https://www.cnbc.com/2020/06/20/us-reports-his-number-of-daily-coronavirus-cases-since-may-1.html?__source=facebook%7Cmain,239,O,N
6/22/20,https://www.politico.com/news/2020/06/21/navarro-trump-coronavirus-testing-331725,240,PE,L
6/3/20,https://thefederalist.com/2020/06/02/media-falsely-claimed-violent-riots-were-peaceful-and-that-tear-gas-was-used-against-rioters/,1000,NA,NA
6/3/20,https://www.palmerreport.com/analysis/berserk-late-night-meltdown-after-everything-goes-wrong-him-donald-trump/29329/,1000,NA,NA
6/3/20,https://themindunleashed.com/2020/06/swarm-of-earthquakes-in-yellowstone-renews-fears-of-supervolcano-eruption.html,1000,NA,NA
6/8/20,https://dailycaller.com/2020/06/07/report-george-w-bush-not-voting-donald-trump-reelection/,1000,NA,NA
6/8/20,https://bipartisanreport.com/2020/06/07/bill-barr-suffers-pr-disaster-during-cbs-sunday-appearance/,1000,NA,NA
6/8/20,https://tribunist.com/news/minneapolis-city-council-announce-they-will-defund-and-dismantle-police-department/,1000,NA,NA
6/10/20,https://www.westernjournal.com/chicago-mayor-begs-businesses-stay-major-retailer-mulls-abandoning-city/,1000,NA,NA
6/10/20,https://occupydemocrats.com/2020/06/09/governor-cuomo-publicly-condemns-trump-for-accusing-elderly-man-of-being-antifa-provocateur/,1000,NA,NA
6/10/20,https://anonhq.com/scientists-are-about-to-release-millions-of-genetically-modified-rockefeller-mosquitos-in-florida-and-texas/,1000,NA,NA
6/15/20,https://dailycaller.com/2020/06/14/maga-boat-parade-florida-michigan-donald-trump-birthday/,1000,NA,NA
6/15/20,https://bipartisanreport.com/2020/06/14/trump-starts-sunday-morning-birthday-tweets-like-a-broken-man/,1000,NA,NA
6/15/20,https://www.zerohedge.com/political/truck-drivers-reject-deliver-cities-defunded-or-disbanded-police-departments,1000,NA,NA
6/17/20,https://www.wnd.com/2020/06/helpless-92-year-old-woman-injured-ruthlessly-knocked-ground-nyc/,1000,NA,NA
6/17/20,https://crooksandliars.com/2020/06/mike-pence-brags-fox-news-pro-trump,1000,NA,NA
6/17/20,https://themindunleashed.com/2020/06/new-reading-of-mayan-calendar-suggests-that-the-end-of-the-world-is-this-weekend.html,1000,NA,NA
6/22/20,https://www.dailywire.com/news/breaking-new-york-city-museum-taking-down-statue-of-president-theodore-roosevelt,1000,NA,NA
6/22/20,https://occupydemocrats.com/2020/06/21/tom-petty-estate-slams-trump-for-unauthorised-use-of-song-at-tulsa-rally/,1000,NA,NA
6/22/20,zerohedge.com/political/npr-busted-framing-self-defense-getaway-gunmen-right-wing-vehicle-attack,1000,NA,NA